"Id","Offense","Offense Conference","Defense","Defense Conference","Home","Away","Offense Score","Defense Score","Game Id","Drive Id","Drive Number","Play Number","Period","Clock Minutes","Clock Seconds","Offense Timeouts","Defense Timeouts","Yard Line","Yards To Goal","Down","Distance","Scoring","Yards Gained","Play Type","Play Text","Ppa","Wallclock"
"401628369101849902","Tennessee","SEC","Oklahoma","SEC","Oklahoma","Tennessee","0","0","401628369","4016283691","1","1","1","15","0","3","3","65","65","1","10","false","0","Kickoff","Josh Turbyville kickoff for 65 yds for a touchback","","2024-09-21T23:44:47.000Z"
"401628369101856201","Oklahoma","SEC","Tennessee","SEC","Oklahoma","Tennessee","0","0","401628369","4016283691","1","2","1","14","37","3","3","25","75","1","10","false","-5","Rush","Jovantae Barnes run for a loss of 5 yards to the OU 20","-1.0670735924396633","2024-09-21T23:46:11.000Z"
"401628369101858101","Oklahoma","SEC","Tennessee","SEC","Oklahoma","Tennessee","0","0","401628369","4016283691","1","3","1","14","18","3","3","20","80","2","15","false","4","Rush","Taylor Tatum run for 4 yds to the OU 24","-0.02869026523482444","2024-09-21T23:46:33.000Z"
"401628369101859901","Oklahoma","SEC","Tennessee","SEC","Oklahoma","Tennessee","0","0","401628369","4016283691","1","4","1","14","0","3","3","24","76","3","11","false","6","Penalty","Tennessee Penalty, Defensive Offside (6 Yards) to the OU 30","","2024-09-21T23:47:44.000Z"
"401628369101865901","Oklahoma","SEC","Tennessee","SEC","Oklahoma","Tennessee","0","0","401628369","4016283691","1","5","1","13","40","3","3","30","70","3","5","false","12","Pass Reception","Jackson Arnold pass complete to Deion Burks for 12 yds to the OU 42 for a 1ST down","2.17523926321443195","2024-09-21T23:48:19.000Z"
"401628369101866601","Oklahoma","SEC","Tennessee","SEC","Oklahoma","Tennessee","0","0","401628369","4016283691","1","6","1","13","33","3","3","42","58","1","10","false","0","Pass Incompletion","Jackson Arnold pass incomplete","-1.1496266880203319","2024-09-21T23:48:30.000Z"
"401628369101868501","Oklahoma","SEC","Tennessee","SEC","Oklahoma","Tennessee","0","0","401628369","4016283691","1","7","1","13","14","3","3","42","58","2","10","false","1","Rush","Jovantae Barnes run for 1 yd to the OU 43","-0.6792563640695226","2024-09-21T23:49:13.000Z"
"401628369101876301","Oklahoma","SEC","Tennessee","SEC","Oklahoma","Tennessee","0","0","401628369","4016283691","1","8","1","12","36","3","3","43","57","3","9","false","7","Rush","Jackson Arnold run for 7 yds to the 50 yard line","0.395777348222036","2024-09-21T23:49:47.000Z"
"401628369101877801","Oklahoma","SEC","Tennessee","SEC","Oklahoma","Tennessee","0","0","401628369","4016283691","1","9","1","12","21","3","3","50","50","4","2","false","0","Pass Incompletion","Jackson Arnold pass incomplete","-1.005191084092866","2024-09-21T23:50:10.000Z"
"401628369101879901","Tennessee","SEC","Oklahoma","SEC","Oklahoma","Tennessee","0","0","401628369","4016283692","2","1","1","12","0","3","3","50","50","1","10","false","0","Pass Reception","Nico Iamaleava pass complete to Chris Brazzell II for no gain to the 50 yard line","-1.1143038065675127","2024-09-21T23:51:59.000Z"
"401628369101886401","Tennessee","SEC","Oklahoma","SEC","Oklahoma","Tennessee","0","0","401628369","4016283692","2","2","1","11","35","3","3","50","50","2","10","false","8","Rush","Nico Iamaleava run for 8 yds to the OU 42","0.8233244266089327","2024-09-21T23:52:07.000Z"
"401628369101888401","Tennessee","SEC","Oklahoma","SEC","Oklahoma","Tennessee","0","0","401628369","4016283692","2","3","1","11","15","3","3","42","42","3","2","false","0","Rush","Dylan Sampson run for no gain to the OU 42","-1.1544143744299566","2024-09-21T23:52:31.000Z"
"401628369101896301","Tennessee","SEC","Oklahoma","SEC","Oklahoma","Tennessee","0","0","401628369","4016283692","2","4","1","10","36","3","3","42","42","4","2","false","0","Punt","Jackson Ross punt for 42 yds for a touchback","","2024-09-21T23:53:23.000Z"
"401628369101898601","Oklahoma","SEC","Tennessee","SEC","Oklahoma","Tennessee","0","0","401628369","4016283693","3","1","1","10","13","3","3","20","80","1","10","false","-2","Rush","Jackson Arnold run for a loss of 2 yards to the OU 18","-0.6979456564143147","2024-09-21T23:56:43.000Z"
"401628369101905501","Oklahoma","SEC","Tennessee","SEC","Oklahoma","Tennessee","0","0","401628369","4016283693","3","2","1","9","44","3","3","18","82","2","12","false","-4","Sack","Jackson Arnold sacked by Tyre West for a loss of 4 yards to the OU 14","-0.2571552243316111","2024-09-21T23:57:11.000Z"
"401628369101909301","Oklahoma","SEC","Tennessee","SEC","Oklahoma","Tennessee","0","0","401628369","4016283693","3","3","1","9","6","3","3","14","86","3","16","false","9","Pass Reception","Jackson Arnold pass complete to Jake Roberts for 9 yds to the OU 23","0.0843064716793611","2024-09-21T23:57:49.000Z"
"401628369101914801","Oklahoma","SEC","Tennessee","SEC","Oklahoma","Tennessee","0","0","401628369","4016283693","3","4","1","8","51","3","3","23","77","4","7","false","4","Punt","Luke Elzinga punt for 38 yds , Squirrel White returns for 4 yds to the TENN 43","","2024-09-22T00:00:21.000Z"
"401628369101916901","Tennessee","SEC","Oklahoma","SEC","Oklahoma","Tennessee","0","0","401628369","4016283694","4","1","1","8","30","3","3","57","57","1","10","false","2","Rush","Dylan Sampson run for 2 yds to the TENN 45","-0.6861929923492785","2024-09-22T00:02:16.000Z"
"401628369101919701","Tennessee","SEC","Oklahoma","SEC","Oklahoma","Tennessee","0","0","401628369","4016283694","4","2","1","8","2","3","3","55","55","2","8","false","2","Pass Reception","Nico Iamaleava pass complete to Holden Staes for 2 yds to the TENN 47","-0.6207869578278995","2024-09-22T00:02:39.000Z"
"401628369101926501","Tennessee","SEC","Oklahoma","SEC","Oklahoma","Tennessee","0","0","401628369","4016283694","4","3","1","7","34","3","3","53","53","3","6","false","-7","Rush","Squirrel White run for a loss of 7 yards to the TENN 40","-1.36840083880793892","2024-09-22T00:04:08.000Z"
"401628369101926502","Tennessee","SEC","Oklahoma","SEC","Oklahoma","Tennessee","0","0","401628369","4016283694","4","4","1","7","34","3","3","60","60","4","13","false","-15","Penalty","Tennessee Penalty, Personal Foul (-15 Yards) to the TENN 25","","2024-09-22T00:04:08.000Z"
"401628369101928001","Tennessee","SEC","Oklahoma","SEC","Oklahoma","Tennessee","0","0","401628369","4016283694","4","5","1","7","19","3","3","75","75","4","28","false","0","Punt","Jackson Ross punt for 42 yds, fair catch by Peyton Bowen at the OU 33","","2024-09-22T00:05:13.000Z"
"401628369101934901","Oklahoma","SEC","Tennessee","SEC","Oklahoma","Tennessee","0","0","401628369","4016283695","5","1","1","6","50","3","3","33","67","1","10","false","3","Pass Reception","Jackson Arnold pass complete to Deion Burks for 3 yds to the OU 36","-0.3884871214664028","2024-09-22T00:05:55.000Z"
"401628369101936401","Oklahoma","SEC","Tennessee","SEC","Oklahoma","Tennessee","0","0","401628369","4016283695","5","2","1","6","35","3","3","36","64","2","7","false","11","Rush","Deion Burks run for 11 yds to the OU 47 for a 1ST down","1.7222443570342439","2024-09-22T00:06:13.000Z"
"401628369101937801","Oklahoma","SEC","Tennessee","SEC","Oklahoma","Tennessee","0","0","401628369","4016283695","5","3","1","6","21","3","3","47","53","1","10","false","17","Pass Interception Return","Jackson Arnold pass intercepted Jermod McCoy return for 17 yds to the 50 yard line","-2.9047005664266923","2024-09-22T00:07:22.000Z"
"401628369101939901","Tennessee","SEC","Oklahoma","SEC","Oklahoma","Tennessee","0","0","401628369","4016283696","6","1","1","6","0","3","3","50","50","1","10","false","2","Rush","DeSean Bishop run for 2 yds to the OU 48","-0.630441223621050","2024-09-22T00:10:52.000Z"
"401628369101945901","Tennessee","SEC","Oklahoma","SEC","Oklahoma","Tennessee","0","0","401628369","4016283696","6","2","1","5","40","3","3","48","48","2","8","false","38","Pass Reception","Nico Iamaleava pass complete to Bru McCoy for 38 yds to the OU 10 for a 1ST down","1.958026313492981","2024-09-22T00:11:09.000Z"
"401628369101954401","Tennessee","SEC","Oklahoma","SEC","Oklahoma","Tennessee","0","0","401628369","4016283696","6","3","1","4","55","3","3","10","10","1","10","false","2","Rush","DeSean Bishop run for 2 yds to the OU 8","-0.162944112483623","2024-09-22T00:13:08.000Z"
"401628369101956401","Tennessee","SEC","Oklahoma","SEC","Oklahoma","Tennessee","0","0","401628369","4016283696","6","4","1","4","35","3","3","8","8","2","8","false","0","Pass Incompletion","Nico Iamaleava pass incomplete to Chris Brazzell II","-0.269315229458190","2024-09-22T00:13:33.000Z"
"401628369101959901","Tennessee","SEC","Oklahoma","SEC","Oklahoma","Tennessee","0","0","401628369","4016283696","6","5","1","4","0","3","3","8","8","3","8","false","0","Rush","Nico Iamaleava run for no gain to the OU 8","-0.354205173792517","2024-09-22T00:14:44.000Z"
"401628369101965402","Tennessee","SEC","Oklahoma","SEC","Oklahoma","Tennessee","3","0","401628369","4016283696","6","6","1","3","45","3","3","8","8","4","8","true","27","Field Goal Good","Max Gilbert 27 yd FG GOOD","","2024-09-22T00:15:13.000Z"
"401628369101965403","Tennessee","SEC","Oklahoma","SEC","Oklahoma","Tennessee","3","0","401628369","4016283697","7","1","1","3","45","3","3","65","65","4","8","false","0","Kickoff","Josh Turbyville kickoff for 65 yds for a touchback","","2024-09-22T00:16:36.000Z"
"401628369101965901","Oklahoma","SEC","Tennessee","SEC","Oklahoma","Tennessee","0","3","401628369","4016283697","7","2","1","3","40","3","3","25","75","1","10","false","0","Pass Incompletion","Jackson Arnold pass incomplete to Brenen Thompson","-0.70297002204365193","2024-09-22T00:17:21.000Z"
"401628369101966701","Oklahoma","SEC","Tennessee","SEC","Oklahoma","Tennessee","0","3","401628369","4016283697","7","3","1","3","32","3","3","25","75","2","10","false","17","Rush","Jovantae Barnes run for 17 yds to the OU 42 for a 1ST down","2.21902192972565793","2024-09-22T00:18:02.000Z"
"401628369101968401","Oklahoma","SEC","Tennessee","SEC","Oklahoma","Tennessee","0","3","401628369","4016283697","7","4","1","3","15","3","3","42","58","1","10","false","7","Rush","Deion Burks run for 7 yds to the OU 49","0.6896384238174758","2024-09-22T00:19:31.000Z"
"401628369101969901","Oklahoma","SEC","Tennessee","SEC","Oklahoma","Tennessee","0","3","401628369","4016283697","7","5","1","3","0","3","3","49","51","2","3","false","6","Rush","Taylor Tatum run for 6 yds to the TENN 45 for a 1ST down","0.3955507031547717","2024-09-22T00:19:48.000Z"
"401628369101975401","Oklahoma","SEC","Tennessee","SEC","Oklahoma","Tennessee","0","3","401628369","4016283697","7","6","1","2","45","3","3","55","45","1","10","false","4","Fumble Recovery (Own)","Taylor Tatum run for 4 yds to the TENN 41 Taylor Tatum fumbled, recovered by OU Taylor Tatum","-0.1162027181056828","2024-09-22T00:20:56.000Z"
"401628369101976901","Oklahoma","SEC","Tennessee","SEC","Oklahoma","Tennessee","0","3","401628369","4016283697","7","7","1","2","30","3","3","59","41","2","6","false","11","Pass Reception","Jackson Arnold pass complete to Bauer Sharp for 11 yds to the TENN 30 for a 1ST down","0.7784736702499798","2024-09-22T00:21:22.000Z"
"401628369101984401","Oklahoma","SEC","Tennessee","SEC","Oklahoma","Tennessee","0","3","401628369","4016283697","7","8","1","1","55","3","3","70","30","1","10","false","1","Penalty","Tennessee Penalty, Personal Foul (1 Yards) to the TENN 29 for a 1ST down","","2024-09-22T00:22:24.000Z"
"401628369101985302","Oklahoma","SEC","Tennessee","SEC","Oklahoma","Tennessee","0","3","401628369","4016283697","7","9","1","1","46","3","3","71","29","1","10","false","0","Pass Incompletion","Jackson Arnold pass incomplete","-0.534372502378378","2024-09-22T00:22:58.000Z"
"401628369101986102","Oklahoma","SEC","Tennessee","SEC","Oklahoma","Tennessee","0","3","401628369","4016283697","7","10","1","1","38","3","3","71","29","2","10","false","9","Pass Reception","Jackson Arnold pass complete to Deion Burks for 9 yds to the TENN 20","0.56616402140067","2024-09-22T00:24:16.000Z"
"401628369101989802","Oklahoma","SEC","Tennessee","SEC","Oklahoma","Tennessee","0","3","401628369","4016283697","7","11","1","1","1","3","3","80","20","3","1","false","0","Rush","Jovantae Barnes run for no gain to the TENN 20","-0.5987419901325343","2024-09-22T00:26:13.000Z"
"401628369101996601","Oklahoma","SEC","Tennessee","SEC","Oklahoma","Tennessee","3","3","401628369","4016283697","7","12","1","0","33","3","3","80","20","4","1","true","37","Field Goal Good","Tyler Keltner 37 yd FG GOOD","","2024-09-22T00:27:00.000Z"
"401628369101996602","Oklahoma","SEC","Tennessee","SEC","Oklahoma","Tennessee","3","3","401628369","4016283698","8","1","1","0","33","3","3","35","65","4","1","false","0","Kickoff","Zach Schmit kickoff for 65 yds for a touchback","","2024-09-22T00:27:00.000Z"
"401628369101996603","Tennessee","SEC","Oklahoma","SEC","Oklahoma","Tennessee","3","3","401628369","4016283698","8","2","1","0","33","3","3","75","75","1","10","false","-5","Penalty","Tennessee Penalty, False Start (-5 Yards) to the TENN 20","","2024-09-22T00:27:00.000Z"
"401628369101997901","Tennessee","SEC","Oklahoma","SEC","Oklahoma","Tennessee","3","3","401628369","4016283698","8","3","1","0","20","3","3","80","80","1","15","false","14","Pass Reception","Nico Iamaleava pass complete to Squirrel White for 14 yds to the TENN 34","1.99372633803827167","2024-09-22T00:28:41.000Z"
"401628369101999601","Tennessee","SEC","Oklahoma","SEC","Oklahoma","Tennessee","10","3","401628369","4016283698","8","4","1","0","3","3","3","66","66","2","1","true","66","Passing Touchdown","Nico Iamaleava pass complete to Dont'e Thornton Jr. for 66 yds for a TD (Max Gilbert KICK)","4.8254467599326976","2024-09-22T00:29:10.000Z"
"401628369101999603","Tennessee","SEC","Oklahoma","SEC","Oklahoma","Tennessee","10","3","401628369","4016283699","9","1","1","0","3","3","3","65","65","2","1","false","0","Kickoff","Josh Turbyville kickoff for 65 yds for a touchback","","2024-09-22T00:30:24.000Z"
"401628369101999901","Oklahoma","SEC","Tennessee","SEC","Oklahoma","Tennessee","3","10","401628369","4016283699","9","2","1","0","0","3","3","25","75","1","10","false","12","Pass Reception","Jackson Arnold pass complete to Brenen Thompson for 12 yds to the OU 37 for a 1ST down","1.0272443261435713","2024-09-22T00:31:50.000Z"
"401628369101999902","Oklahoma","SEC","Tennessee","SEC","Oklahoma","Tennessee","3","10","401628369","4016283699","9","3","1","0","0","3","3","25","75","0","10","false","12","End Period","End of 1st Quarter","","2024-09-22T00:31:50.000Z"
"401628369102854601","Oklahoma","SEC","Tennessee","SEC","Oklahoma","Tennessee","3","10","401628369","4016283699","9","4","2","14","53","3","3","37","63","1","10","false","0","Rush","Gavin Sawchuk run for no gain to the OU 37","-1.0657010802154590","2024-09-21T00:00:00.000Z"
"401628369102856601","Oklahoma","SEC","Tennessee","SEC","Oklahoma","Tennessee","3","10","401628369","4016283699","9","5","2","14","33","3","3","37","63","2","10","false","0","Pass Incompletion","Jackson Arnold pass incomplete","-0.66221376789578022","2024-09-21T00:00:00.000Z"
"401628369102857201","Oklahoma","SEC","Tennessee","SEC","Oklahoma","Tennessee","3","10","401628369","4016283699","9","6","2","14","27","3","3","37","63","3","10","false","0","Pass Incompletion","Jackson Arnold pass incomplete to Brenen Thompson","-0.34311801294884070","2024-09-21T00:00:00.000Z"
"401628369102857901","Oklahoma","SEC","Tennessee","SEC","Oklahoma","Tennessee","3","10","401628369","4016283699","9","7","2","14","20","3","3","37","63","4","10","false","0","Punt","Luke Elzinga punt for 63 yds for a touchback","","2024-09-22T00:37:17.000Z"
"401628369102857902","Tennessee","SEC","Oklahoma","SEC","Oklahoma","Tennessee","10","3","401628369","40162836910","10","1","2","14","20","3","3","80","80","1","10","false","-10","Penalty","Tennessee Penalty, Personal Foul (-10 Yards) to the TENN 10","","2024-09-22T00:37:17.000Z"
"401628369102858701","Tennessee","SEC","Oklahoma","SEC","Oklahoma","Tennessee","10","3","401628369","40162836910","10","2","2","14","12","3","3","90","90","1","20","false","0","Pass Incompletion","Nico Iamaleava pass incomplete","-0.10073317577211682","2024-09-22T00:38:29.000Z"
"401628369102864101","Tennessee","SEC","Oklahoma","SEC","Oklahoma","Tennessee","10","3","401628369","40162836910","10","3","2","13","58","3","3","90","90","2","20","false","5","Rush","Dylan Sampson run for 5 yds to the TENN 15","0.00525549795050575","2024-09-22T00:39:19.000Z"
"401628369102864901","Tennessee","SEC","Oklahoma","SEC","Oklahoma","Tennessee","10","3","401628369","40162836910","10","4","2","13","50","3","3","85","85","3","15","false","1","Sack","Nico Iamaleava sacked by Robert Spears-Jennings for a loss of 9 yards to the TENN 5 fumbled, forced by Robert Spears-Jennings, recovered by OU Ethan Downs return for 1 yd to the TENN 5","-0.0398555881073737","2024-09-22T00:40:56.000Z"
"401628369102865501","Oklahoma","SEC","Tennessee","SEC","Oklahoma","Tennessee","3","10","401628369","40162836911","11","1","2","13","44","3","3","95","5","1","0","false","0","Fumble Recovery (Opponent)","Jackson Arnold run for no gain to the TENN 6 Jackson Arnold fumbled, recovered by TENN Joshua Josephs","","2024-09-22T00:42:09.000Z"
"401628369102866401","Tennessee","SEC","Oklahoma","SEC","Oklahoma","Tennessee","10","3","401628369","40162836912","12","1","2","13","35","3","3","94","94","1","10","false","1","Rush","DeSean Bishop run for 1 yd to the TENN 7","-0.24672188323678767","2024-09-22T00:42:46.000Z"
"401628369102874801","Tennessee","SEC","Oklahoma","SEC","Oklahoma","Tennessee","10","3","401628369","40162836912","12","2","2","12","51","3","3","93","93","2","9","false","8","Rush","DeSean Bishop run for 8 yds to the TENN 15","0.27290276125791912","2024-09-22T00:43:19.000Z"
"401628369102878801","Tennessee","SEC","Oklahoma","SEC","Oklahoma","Tennessee","10","3","401628369","40162836912","12","3","2","12","11","3","3","85","85","3","1","false","7","Rush","DeSean Bishop run for 7 yds to the TENN 22 for a 1ST down","0.59852778041877298","2024-09-22T00:44:26.000Z"
"401628369102885401","Tennessee","SEC","Oklahoma","SEC","Oklahoma","Tennessee","10","3","401628369","40162836912","12","4","2","11","45","3","3","78","78","1","10","false","7","Pass Reception","Nico Iamaleava pass complete to Dont'e Thornton Jr. for 7 yds to the TENN 29","0.5574648631307815","2024-09-22T00:45:22.000Z"
"401628369102887701","Tennessee","SEC","Oklahoma","SEC","Oklahoma","Tennessee","10","3","401628369","40162836912","12","5","2","11","22","3","3","71","71","2","3","false","12","Rush","DeSean Bishop run for 12 yds to the TENN 41 for a 1ST down","1.0555075894119134","2024-09-22T00:45:30.000Z"
"401628369102894901","Tennessee","SEC","Oklahoma","SEC","Oklahoma","Tennessee","10","3","401628369","40162836912","12","6","2","10","50","3","3","59","59","1","10","false","-2","Sack","Nico Iamaleava sacked by R Mason Thomas and Da'Jon Terry for a loss of 2 yards to the TENN 39","-1.5222001866961170","2024-09-22T00:46:01.000Z"
"401628369102894902","Tennessee","SEC","Oklahoma","SEC","Oklahoma","Tennessee","10","3","401628369","40162836912","12","7","2","10","50","2","3","61","61","2","12","false","0","Timeout","Timeout Tennessee, clock 10:50","","2024-09-22T00:46:01.000Z"
"401628369102898901","Tennessee","SEC","Oklahoma","SEC","Oklahoma","Tennessee","10","3","401628369","40162836912","12","8","2","10","10","2","3","61","61","2","12","false","0","Pass Incompletion","Nico Iamaleava pass incomplete","-0.62754531478873507","2024-09-22T00:49:59.000Z"
"401628369102905601","Tennessee","SEC","Oklahoma","SEC","Oklahoma","Tennessee","10","3","401628369","40162836912","12","9","2","9","43","2","3","61","61","3","12","false","0","Pass Reception","Nico Iamaleava pass complete to Squirrel White for no gain to the TENN 39","-0.32623586265893590","2024-09-22T00:51:03.000Z"
"401628369102908201","Tennessee","SEC","Oklahoma","SEC","Oklahoma","Tennessee","10","3","401628369","40162836912","12","10","2","9","17","2","3","61","61","4","12","false","0","Punt","Jackson Ross punt for 57 yds, downed at the OU 4","","2024-09-22T00:51:43.000Z"
"401628369102908202","Oklahoma","SEC","Tennessee","SEC","Oklahoma","Tennessee","3","10","401628369","40162836913","13","1","2","9","17","3","2","4","96","1","10","false","-2","Penalty","Oklahoma Penalty, False Start (-2 Yards) to the OU 2","","2024-09-22T00:55:24.000Z"
"401628369102908701","Oklahoma","SEC","Tennessee","SEC","Oklahoma","Tennessee","3","12","401628369","40162836913","13","2","2","9","12","3","2","2","98","1","12","true","0","Safety","Jayson Jenkins Safety","-1.90978159375603784","2024-09-22T00:56:40.000Z"
"401628369102908901","Oklahoma","SEC","Tennessee","SEC","Oklahoma","Tennessee","3","12","401628369","40162836914","14","1","2","9","10","3","2","20","80","1","12","false","0","Kickoff Return (Offense)","Zach Schmit kickoff for 74 yds , Squirrel White return for no gain to the TENN 6","","2024-09-22T00:58:19.000Z"
"401628369102914101","Tennessee","SEC","Oklahoma","SEC","Oklahoma","Tennessee","12","3","401628369","40162836914","14","2","2","8","58","2","3","94","94","1","10","false","4","Rush","DeSean Bishop run for 4 yds to the TENN 10","-0.03678462858056797","2024-09-22T00:58:49.000Z"
"401628369102917301","Tennessee","SEC","Oklahoma","SEC","Oklahoma","Tennessee","12","3","401628369","40162836914","14","3","2","8","26","2","3","90","90","2","6","false","1","Rush","Nico Iamaleava run for 1 yd to the TENN 11","-0.22963465566147256","2024-09-22T01:05:47.000Z"
"401628369102919601","Tennessee","SEC","Oklahoma","SEC","Oklahoma","Tennessee","12","3","401628369","40162836914","14","4","2","8","3","2","3","89","89","3","5","false","3","Rush","DeSean Bishop run for 3 yds to the TENN 14","-0.05842825587203926","2024-09-22T01:06:28.000Z"
"401628369102927601","Tennessee","SEC","Oklahoma","SEC","Oklahoma","Tennessee","12","3","401628369","40162836914","14","5","2","7","23","2","3","86","86","4","2","false","0","Punt","Jackson Ross punt for 56 yds , Peyton Bowen returns for no gain to the OU 30","","2024-09-22T01:07:33.000Z"
"401628369102929401","Oklahoma","SEC","Tennessee","SEC","Oklahoma","Tennessee","3","12","401628369","40162836915","15","1","2","7","5","3","2","30","70","1","10","false","-2","Pass Reception","Jackson Arnold pass complete to Jovantae Barnes for a loss of 2 yards to the OU 28","-1.10004248093874412","2024-09-22T01:07:54.000Z"
"401628369102934401","Oklahoma","SEC","Tennessee","SEC","Oklahoma","Tennessee","3","12","401628369","40162836915","15","2","2","6","55","3","2","28","72","2","12","false","0","Pass Incompletion","Jackson Arnold pass incomplete","-0.33790192419717613","2024-09-22T01:08:05.000Z"
"401628369102934402","Oklahoma","SEC","Tennessee","SEC","Oklahoma","Tennessee","3","12","401628369","40162836915","15","3","2","6","55","2","2","28","72","3","12","false","0","Timeout","Timeout Oklahoma, clock 06:55","","2024-09-22T01:08:05.000Z"
"401628369102935201","Oklahoma","SEC","Tennessee","SEC","Oklahoma","Tennessee","3","12","401628369","40162836915","15","4","2","6","47","2","2","28","72","3","12","false","0","Pass Incompletion","Jackson Arnold pass incomplete","-0.15640808346597715","2024-09-22T01:10:05.000Z"
"401628369102936101","Oklahoma","SEC","Tennessee","SEC","Oklahoma","Tennessee","3","12","401628369","40162836915","15","5","2","6","38","2","2","28","72","4","12","false","8","Punt","Luke Elzinga punt for 45 yds , Squirrel White returns for 8 yds to the TENN 35","","2024-09-22T01:11:03.000Z"
"401628369102937902","Tennessee","SEC","Oklahoma","SEC","Oklahoma","Tennessee","12","3","401628369","40162836916","16","1","2","6","20","2","2","65","65","1","10","false","2","Rush","Dylan Sampson run for 2 yds to the TENN 37","-0.6307968333592200","2024-09-22T01:11:41.000Z"
"401628369102939902","Tennessee","SEC","Oklahoma","SEC","Oklahoma","Tennessee","12","3","401628369","40162836916","16","2","2","6","0","2","2","63","63","2","8","false","-1","Pass Reception","Nico Iamaleava pass complete to Squirrel White for a loss of 1 yard to the TENN 36","-0.88654946151942223","2024-09-22T01:12:38.000Z"
"401628369102946801","Tennessee","SEC","Oklahoma","SEC","Oklahoma","Tennessee","12","3","401628369","40162836916","16","3","2","5","31","2","2","64","64","3","9","false","-3","Sack","Nico Iamaleava sacked by Trace Ford for a loss of 3 yards to the TENN 33 Nico Iamaleava fumbled, recovered by OU Gracen Halton , return for 0 yards","-0.47319079331936465","2024-09-22T01:14:47.000Z"
"401628369102947201","Oklahoma","SEC","Tennessee","SEC","Oklahoma","Tennessee","3","12","401628369","40162836917","17","1","2","5","27","2","2","67","33","1","10","false","-21","Fumble Recovery (Opponent)","Jackson Arnold run for a loss of 21 yards to the OU 46 Jackson Arnold fumbled, recovered by TENN Jakobe Thomas","","2024-09-22T01:17:10.000Z"
"401628369102947901","Tennessee","SEC","Oklahoma","SEC","Oklahoma","Tennessee","12","3","401628369","40162836918","18","1","2","5","20","2","2","46","46","1","10","false","0","Rush","Dylan Sampson run for no gain to the OU 46","-1.0250974847844603","2024-09-22T00:36:50.000Z"
"401628369102949901","Tennessee","SEC","Oklahoma","SEC","Oklahoma","Tennessee","12","3","401628369","40162836918","18","2","2","5","0","2","2","46","46","2","10","false","8","Rush","Dylan Sampson run for 8 yds to the OU 38","0.7731906646131872","2024-09-22T01:17:21.000Z"
"401628369102959401","Tennessee","SEC","Oklahoma","SEC","Oklahoma","Tennessee","12","3","401628369","40162836918","18","3","2","4","5","2","2","38","38","3","2","false","10","Rush","Dylan Sampson run for 10 yds to the OU 28 for a 1ST down","1.0311797541673064","2024-09-22T01:18:01.000Z"
"401628369102966301","Tennessee","SEC","Oklahoma","SEC","Oklahoma","Tennessee","12","3","401628369","40162836918","18","4","2","3","36","2","2","28","28","1","10","false","3","Rush","Dylan Sampson run for 3 yds to the OU 25","-0.158911195567058","2024-09-22T01:19:51.000Z"
"401628369102969601","Tennessee","SEC","Oklahoma","SEC","Oklahoma","Tennessee","12","3","401628369","40162836918","18","5","2","3","3","2","2","25","25","2","7","false","2","Rush","Dylan Sampson run for 2 yds to the OU 23","-0.3030376623154765","2024-09-22T01:20:24.000Z"
"401628369102978301","Tennessee","SEC","Oklahoma","SEC","Oklahoma","Tennessee","12","3","401628369","40162836918","18","6","2","2","16","2","2","23","23","3","5","false","6","Rush","Dylan Sampson run for 6 yds to the OU 17 for a 1ST down","0.6460602292365515","2024-09-22T01:21:12.000Z"
"401628369102985101","Tennessee","SEC","Oklahoma","SEC","Oklahoma","Tennessee","12","3","401628369","40162836918","18","7","2","1","48","2","2","17","17","1","10","false","16","Rush","Dylan Sampson run for 16 yds to the OU 1 for a 1ST down","1.641881827663971","2024-09-22T01:25:32.000Z"
"401628369102985901","Tennessee","SEC","Oklahoma","SEC","Oklahoma","Tennessee","19","3","401628369","40162836918","18","8","2","1","40","2","2","1","1","1","1","true","1","Rushing Touchdown","Dylan Sampson run for 1 yd for a TD (Max Gilbert KICK)","0.938021275120443","2024-09-22T01:26:59.000Z"
"401628369102985903","Tennessee","SEC","Oklahoma","SEC","Oklahoma","Tennessee","19","3","401628369","40162836919","19","1","2","1","40","2","2","65","65","1","10","false","0","Kickoff","Josh Turbyville kickoff for 65 yds for a touchback","","2024-09-22T01:26:59.000Z"
"401628369102987401","Oklahoma","SEC","Tennessee","SEC","Oklahoma","Tennessee","3","19","401628369","40162836919","19","2","2","1","25","2","2","25","75","1","10","false","-4","Fumble Recovery (Own)","TEAM run for a loss of 4 yards to the OU 21 TEAM fumbled, recovered by OU Michael Hawkins Jr.","-1.01636075209856185","2024-09-22T01:29:45.000Z"
"401628369102994901","Oklahoma","SEC","Tennessee","SEC","Oklahoma","Tennessee","3","19","401628369","40162836919","19","3","2","0","50","2","2","21","79","2","14","false","9","Rush","Michael Hawkins Jr. run for 9 yds to the OU 30","0.35717339656613590","2024-09-22T01:30:17.000Z"
"401628369102996901","Oklahoma","SEC","Tennessee","SEC","Oklahoma","Tennessee","3","19","401628369","40162836919","19","4","2","0","30","2","2","30","70","3","5","false","1","Rush","Michael Hawkins Jr. run for 1 yd to the OU 31","-0.31324654817405851","2024-09-22T01:30:56.000Z"
"401628369102999201","Oklahoma","SEC","Tennessee","SEC","Oklahoma","Tennessee","3","19","401628369","40162836919","19","5","2","0","7","2","2","31","69","4","4","false","0","Punt","Luke Elzinga punt for 58 yds, fair catch by Squirrel White at the TENN 11","","2024-09-22T01:31:53.000Z"
"401628369102999901","Tennessee","SEC","Oklahoma","SEC","Oklahoma","Tennessee","19","3","401628369","40162836920","20","1","2","0","0","2","2","89","89","1","10","false","-4","Rush","TEAM run for a loss of 4 yards to the TENN 7","-0.51395586473870392","2024-09-22T01:32:37.000Z"
"401628369102999902","Tennessee","SEC","Oklahoma","SEC","Oklahoma","Tennessee","19","3","401628369","40162836920","20","2","2","0","0","2","2","89","89","0","10","false","-4","End of Half","End of 2nd Quarter","","2024-09-22T01:32:37.000Z"
"401628369103849901","Oklahoma","SEC","Tennessee","SEC","Oklahoma","Tennessee","3","19","401628369","40162836921","21","1","3","15","0","3","3","35","65","1","10","false","0","Kickoff","Zach Schmit kickoff for 40 yds fair catch by Boo Carter at the TENN 7","","2024-09-22T01:53:51.000Z"
"401628369103855401","Tennessee","SEC","Oklahoma","SEC","Oklahoma","Tennessee","19","3","401628369","40162836921","21","2","3","14","45","3","3","75","75","1","10","false","1","Rush","Dylan Sampson run for 1 yd to the TENN 26","-0.58747954310168553","2024-09-22T01:54:35.000Z"
"401628369103858101","Tennessee","SEC","Oklahoma","SEC","Oklahoma","Tennessee","19","3","401628369","40162836921","21","3","3","14","18","3","3","74","74","2","9","false","4","Rush","Dylan Sampson run for 4 yds to the TENN 30","-0.07170781243074042","2024-09-22T01:54:58.000Z"
"401628369103866001","Tennessee","SEC","Oklahoma","SEC","Oklahoma","Tennessee","19","3","401628369","40162836921","21","4","3","13","39","3","3","70","70","3","5","false","6","Pass Reception","Nico Iamaleava pass complete to Holden Staes for 6 yds to the TENN 36 for a 1ST down","1.58974986747841645","2024-09-22T01:55:45.000Z"
"401628369103869001","Tennessee","SEC","Oklahoma","SEC","Oklahoma","Tennessee","19","3","401628369","40162836921","21","5","3","13","9","3","3","64","64","1","10","false","7","Pass Reception","Nico Iamaleava pass complete to Bru McCoy for 7 yds to the TENN 43","0.7106238902527534","2024-09-22T01:56:19.000Z"
"401628369103875501","Tennessee","SEC","Oklahoma","SEC","Oklahoma","Tennessee","19","3","401628369","40162836921","21","6","3","12","44","3","3","57","57","2","3","false","3","Rush","Dylan Sampson run for 3 yds to the TENN 46 for a 1ST down","0.2516711798373696","2024-09-22T01:56:39.000Z"
"401628369103879901","Tennessee","SEC","Oklahoma","SEC","Oklahoma","Tennessee","19","3","401628369","40162836921","21","7","3","12","0","3","3","54","54","1","10","false","-4","Rush","Dylan Sampson run for a loss of 4 yards to the TENN 42","-1.9738015633044534","2024-09-22T01:57:25.000Z"
"401628369103886401","Tennessee","SEC","Oklahoma","SEC","Oklahoma","Tennessee","19","3","401628369","40162836921","21","8","3","11","35","3","3","58","58","2","14","false","-10","Penalty","Tennessee Penalty, Offensive Holding (-10 Yards) to the TENN 32","","2024-09-22T01:58:23.000Z"
"401628369103888901","Tennessee","SEC","Oklahoma","SEC","Oklahoma","Tennessee","19","3","401628369","40162836921","21","9","3","11","10","3","3","68","68","2","24","false","5","Rush","Dylan Sampson run for 5 yds to the TENN 37","0.01063852510376506","2024-09-22T01:58:49.000Z"
"401628369103896001","Tennessee","SEC","Oklahoma","SEC","Oklahoma","Tennessee","19","3","401628369","40162836921","21","10","3","10","39","3","3","63","63","3","19","false","0","Pass Incompletion","Nico Iamaleava pass incomplete","-0.15205273852982958","2024-09-22T01:59:23.000Z"
"401628369103897301","Tennessee","SEC","Oklahoma","SEC","Oklahoma","Tennessee","19","3","401628369","40162836921","21","11","3","10","26","3","3","63","63","4","19","false","4","Punt","Jackson Ross punt for 50 yds , Peyton Bowen returns for 4 yds to the OU 17","","2024-09-22T02:00:28.000Z"
"401628369103904901","Oklahoma","SEC","Tennessee","SEC","Oklahoma","Tennessee","3","19","401628369","40162836922","22","1","3","9","50","3","3","17","83","1","10","false","-3","Rush","Sam Franklin run for a loss of 3 yards to the OU 14","-0.64841545873072093","2024-09-22T02:04:21.000Z"
"401628369103905501","Oklahoma","SEC","Tennessee","SEC","Oklahoma","Tennessee","3","19","401628369","40162836922","22","2","3","9","44","3","3","14","86","2","13","false","0","Pass Incompletion","Michael Hawkins Jr. pass incomplete","-0.12847767408510613","2024-09-22T02:04:49.000Z"
"401628369103907901","Oklahoma","SEC","Tennessee","SEC","Oklahoma","Tennessee","3","19","401628369","40162836922","22","3","3","9","20","3","3","14","86","3","13","false","8","Pass Reception","Michael Hawkins Jr. pass complete to Deion Burks for 8 yds to the OU 22","0.08682089722233056","2024-09-22T02:05:18.000Z"
"401628369103914701","Oklahoma","SEC","Tennessee","SEC","Oklahoma","Tennessee","3","19","401628369","40162836922","22","4","3","8","52","3","3","22","78","4","5","false","0","Punt","Luke Elzinga punt for 54 yds, downed at the TENN 24","","2024-09-22T02:06:28.000Z"
"401628369103917101","Tennessee","SEC","Oklahoma","SEC","Oklahoma","Tennessee","19","3","401628369","40162836923","23","1","3","8","28","3","3","76","76","1","10","false","6","Rush","DeSean Bishop run for 6 yds to the TENN 30","0.3245554637561217","2024-09-22T02:09:53.000Z"
"401628369103919901","Tennessee","SEC","Oklahoma","SEC","Oklahoma","Tennessee","19","3","401628369","40162836923","23","2","3","8","0","3","3","70","70","2","4","false","42","Pass Reception","Nico Iamaleava pass complete to Bru McCoy for 42 yds to the OU 28 for a 1ST down","3.057048405521238","2024-09-22T02:10:23.000Z"
"401628369103926901","Tennessee","SEC","Oklahoma","SEC","Oklahoma","Tennessee","19","3","401628369","40162836923","23","3","3","7","30","3","3","28","28","1","10","false","3","Rush","DeSean Bishop run for 3 yds to the OU 25","-0.158911195567058","2024-09-22T02:10:54.000Z"
"401628369103934501","Tennessee","SEC","Oklahoma","SEC","Oklahoma","Tennessee","19","3","401628369","40162836923","23","4","3","6","54","3","3","25","25","2","7","false","0","Rush","DeSean Bishop run for no gain to the OU 25","-0.5735799483912874","2024-09-22T02:11:27.000Z"
"401628369103937501","Tennessee","SEC","Oklahoma","SEC","Oklahoma","Tennessee","19","3","401628369","40162836923","23","5","3","6","24","3","3","25","25","3","7","false","2","Rush","DeSean Bishop run for 2 yds to the OU 23","-0.4322636159544402","2024-09-22T02:11:59.000Z"
"401628369103939601","Tennessee","SEC","Oklahoma","SEC","Oklahoma","Tennessee","22","3","401628369","40162836923","23","6","3","6","3","3","3","23","23","4","5","true","41","Field Goal Good","Max Gilbert 41 yd FG GOOD","","2024-09-22T02:12:20.000Z"
"401628369103939602","Tennessee","SEC","Oklahoma","SEC","Oklahoma","Tennessee","22","3","401628369","40162836924","24","1","3","6","3","3","3","65","65","4","5","false","0","Kickoff","Josh Turbyville kickoff for 65 yds for a touchback","","2024-09-22T02:12:20.000Z"
"401628369103944301","Oklahoma","SEC","Tennessee","SEC","Oklahoma","Tennessee","3","22","401628369","40162836924","24","2","3","5","56","3","3","25","75","1","10","false","15","Penalty","Tennessee Penalty, Face Mask (15 yards) (15 Yards) to the OU 40 for a 1ST down","","2024-09-22T02:17:54.000Z"
"401628369103946301","Oklahoma","SEC","Tennessee","SEC","Oklahoma","Tennessee","3","22","401628369","40162836924","24","3","3","5","36","3","3","40","60","1","10","false","0","Rush","Jovantae Barnes run for no gain to the OU 40","-1.1247712359915259","2024-09-22T02:18:14.000Z"
"401628369103949301","Oklahoma","SEC","Tennessee","SEC","Oklahoma","Tennessee","3","22","401628369","40162836924","24","4","3","5","6","3","3","40","60","2","10","false","6","Pass Reception","Michael Hawkins Jr. pass complete to Brenen Thompson for 6 yds to the OU 46","0.2893534138833207","2024-09-22T02:18:44.000Z"
"401628369103956401","Oklahoma","SEC","Tennessee","SEC","Oklahoma","Tennessee","3","22","401628369","40162836924","24","5","3","4","35","3","3","46","54","3","4","false","0","Rush","Jovantae Barnes run for no gain to the OU 46","-0.8775745478085017","2024-09-22T02:19:14.000Z"
"401628369103958301","Oklahoma","SEC","Tennessee","SEC","Oklahoma","Tennessee","3","22","401628369","40162836924","24","6","3","4","16","3","3","46","54","4","4","false","0","Punt","Luke Elzinga punt for 39 yds, fair catch by Squirrel White at the TENN 15","","2024-09-22T02:20:24.000Z"
"401628369103958302","Tennessee","SEC","Oklahoma","SEC","Oklahoma","Tennessee","22","3","401628369","40162836925","25","1","3","4","16","3","3","85","85","1","10","false","15","Penalty","Oklahoma Penalty, Face Mask (15 yards) (15 Yards) to the TENN 30 for a 1ST down","","2024-09-22T02:20:24.000Z"
"401628369103964701","Tennessee","SEC","Oklahoma","SEC","Oklahoma","Tennessee","22","3","401628369","40162836925","25","2","3","3","52","3","3","70","70","1","10","false","-1","Rush","Dylan Sampson run for a loss of 1 yard to the TENN 29","-0.9901335780601510","2024-09-22T02:21:14.000Z"
"401628369103968001","Tennessee","SEC","Oklahoma","SEC","Oklahoma","Tennessee","22","3","401628369","40162836925","25","3","3","3","19","3","3","71","71","2","11","false","6","Rush","Dylan Sampson run for 6 yds to the TENN 35","0.1783511398915367","2024-09-22T02:21:47.000Z"
"401628369103974601","Tennessee","SEC","Oklahoma","SEC","Oklahoma","Tennessee","22","3","401628369","40162836925","25","4","3","2","53","3","3","65","65","3","5","false","8","Pass Reception","Nico Iamaleava pass complete to Ethan Davis for 8 yds to the TENN 43 for a 1ST down","2.0392522595616312","2024-09-22T02:22:51.000Z"
"401628369103977501","Tennessee","SEC","Oklahoma","SEC","Oklahoma","Tennessee","22","3","401628369","40162836925","25","5","3","2","24","3","3","57","57","1","10","false","5","Pass Reception","Nico Iamaleava pass complete to Bru McCoy for 5 yds to the TENN 48","0.1094877032207345","2024-09-22T02:23:34.000Z"
"401628369103979201","Tennessee","SEC","Oklahoma","SEC","Oklahoma","Tennessee","22","3","401628369","40162836925","25","6","3","2","7","3","3","52","52","2","5","false","0","Pass Incompletion","Nico Iamaleava pass incomplete","-1.1961853197390066","2024-09-22T02:23:51.000Z"
"401628369103979701","Tennessee","SEC","Oklahoma","SEC","Oklahoma","Tennessee","22","3","401628369","40162836925","25","7","3","2","2","3","3","52","52","3","5","false","0","Pass Incompletion","Nico Iamaleava pass incomplete","-0.8822210872803140","2024-09-22T02:24:04.000Z"
"401628369103984801","Tennessee","SEC","Oklahoma","SEC","Oklahoma","Tennessee","22","3","401628369","40162836925","25","8","3","1","51","3","3","52","52","4","5","false","17","Punt","Jackson Ross punt for 44 yds , Peyton Bowen returns for 17 yds to the OU 25","","2024-09-22T02:25:08.000Z"
"401628369103986501","Oklahoma","SEC","Tennessee","SEC","Oklahoma","Tennessee","3","22","401628369","40162836926","26","1","3","1","34","3","3","25","75","1","10","false","13","Pass Reception","Michael Hawkins Jr. pass complete to Bauer Sharp for 13 yds to the OU 38 for a 1ST down","1.1247514790418309","2024-09-22T02:25:35.000Z"
"401628369103987601","Oklahoma","SEC","Tennessee","SEC","Oklahoma","Tennessee","3","22","401628369","40162836926","26","2","3","1","23","3","3","38","62","1","10","false","-2","Rush","Gavin Sawchuk run for a loss of 2 yards to the OU 36","-1.4315092753024681","2024-09-22T02:26:04.000Z"
"401628369103995801","Oklahoma","SEC","Tennessee","SEC","Oklahoma","Tennessee","3","22","401628369","40162836926","26","3","3","0","41","3","3","36","64","2","12","false","-16","Sack","Michael Hawkins Jr. sacked by Jayson Jenkins and James Pearce Jr. for a loss of 16 yards to the OU 20","-0.9944579937481377","2024-09-22T02:27:07.000Z"
"401628369103999501","Oklahoma","SEC","Tennessee","SEC","Oklahoma","Tennessee","3","22","401628369","40162836926","26","4","3","0","4","3","3","20","80","3","28","false","10","Rush","Michael Hawkins Jr. run for 10 yds to the OU 30","0.0467598110691343","2024-09-22T02:27:22.000Z"
"401628369103999502","Oklahoma","SEC","Tennessee","SEC","Oklahoma","Tennessee","3","22","401628369","40162836926","26","5","3","0","0","3","3","20","80","0","28","false","10","End Period","End of 3rd Quarter","","2024-09-22T02:27:44.000Z"
"401628369104849901","Oklahoma","SEC","Tennessee","SEC","Oklahoma","Tennessee","3","22","401628369","40162836926","26","6","4","15","0","3","3","30","70","4","18","false","0","Punt","Luke Elzinga punt for 60 yds, punt out-of-bounds at the TENN 10","","2024-09-22T02:30:50.000Z"
"401628369104856501","Tennessee","SEC","Oklahoma","SEC","Oklahoma","Tennessee","22","3","401628369","40162836927","27","1","4","14","34","3","3","90","90","1","10","false","3","Rush","DeSean Bishop run for 3 yds to the TENN 13","-0.14561440438218298","2024-09-22T02:32:13.000Z"
"401628369104864101","Tennessee","SEC","Oklahoma","SEC","Oklahoma","Tennessee","22","3","401628369","40162836927","27","2","4","13","58","3","3","87","87","2","7","false","17","Rush","DeSean Bishop run for 17 yds to the TENN 30 for a 1ST down","1.24667213861504411","2024-09-22T02:33:17.000Z"
"401628369104866301","Tennessee","SEC","Oklahoma","SEC","Oklahoma","Tennessee","22","3","401628369","40162836927","27","3","4","13","36","3","3","70","70","1","10","false","0","Pass Incompletion","Nico Iamaleava pass incomplete","-0.86279103277088875","2024-09-22T02:33:31.000Z"
"401628369104868601","Tennessee","SEC","Oklahoma","SEC","Oklahoma","Tennessee","22","3","401628369","40162836927","27","4","4","13","13","3","3","70","70","2","10","false","-4","Rush","DeSean Bishop run for a loss of 4 yards to the TENN 26","-0.65719592044879693","2024-09-22T02:34:14.000Z"
"401628369104877801","Tennessee","SEC","Oklahoma","SEC","Oklahoma","Tennessee","22","3","401628369","40162836927","27","5","4","12","21","3","3","74","74","3","14","false","-1","Rush","DeSean Bishop run for a loss of 1 yard to the TENN 25","-0.12498075765043562","2024-09-22T02:35:05.000Z"
"401628369104884401","Tennessee","SEC","Oklahoma","SEC","Oklahoma","Tennessee","22","3","401628369","40162836927","27","6","4","11","55","3","3","75","75","4","15","false","6","Punt","Jackson Ross punt for 49 yds , Peyton Bowen returns for 6 yds to the OU 32","","2024-09-22T02:36:04.000Z"
"401628369104885101","Oklahoma","SEC","Tennessee","SEC","Oklahoma","Tennessee","3","22","401628369","40162836928","28","1","4","11","48","3","3","32","68","1","10","false","0","Pass Incompletion","Michael Hawkins Jr. pass incomplete","-0.9262377870973815","2024-09-22T02:39:04.000Z"
"401628369104886401","Oklahoma","SEC","Tennessee","SEC","Oklahoma","Tennessee","3","22","401628369","40162836928","28","2","4","11","35","3","3","32","68","2","10","false","7","Pass Reception","Michael Hawkins Jr. pass complete to Bauer Sharp for 7 yds to the OU 39","0.4177688714086419","2024-09-22T02:39:50.000Z"
"401628369104887901","Oklahoma","SEC","Tennessee","SEC","Oklahoma","Tennessee","3","22","401628369","40162836928","28","3","4","11","20","3","3","39","61","3","3","false","19","Pass Reception","Michael Hawkins Jr. pass complete to Jaquaize Pettaway for 19 yds to the TENN 42 for a 1ST down","2.7328441597584751","2024-09-22T02:40:27.000Z"
"401628369104896401","Oklahoma","SEC","Tennessee","SEC","Oklahoma","Tennessee","3","22","401628369","40162836928","28","4","4","10","35","3","3","58","42","1","10","false","3","Rush","Michael Hawkins Jr. run for 3 yds to the TENN 39","-0.2936970531139116","2024-09-22T02:40:42.000Z"
"401628369104897701","Oklahoma","SEC","Tennessee","SEC","Oklahoma","Tennessee","3","22","401628369","40162836928","28","5","4","10","22","3","3","61","39","2","7","false","5","Pass Reception","Michael Hawkins Jr. pass complete to Bauer Sharp for 5 yds to the TENN 34","0.0841298070768366","2024-09-22T02:41:11.000Z"
"401628369104904401","Oklahoma","SEC","Tennessee","SEC","Oklahoma","Tennessee","3","22","401628369","40162836928","28","6","4","9","55","3","3","66","34","3","2","false","10","Pass Reception","Michael Hawkins Jr. pass complete to Zion Ragins for 10 yds to the TENN 24 for a 1ST down","0.823064769002224","2024-09-22T02:41:55.000Z"
"401628369104906501","Oklahoma","SEC","Tennessee","SEC","Oklahoma","Tennessee","3","22","401628369","40162836928","28","7","4","9","34","3","3","76","24","1","10","false","12","Penalty","Tennessee Penalty, Roughing Passer (12 Yards) to the TENN 12 for a 1ST down","","2024-09-22T02:42:12.000Z"
"401628369104907201","Oklahoma","SEC","Tennessee","SEC","Oklahoma","Tennessee","3","22","401628369","40162836928","28","8","4","9","27","3","3","88","12","1","10","false","0","Pass Incompletion","Michael Hawkins Jr. pass incomplete","-0.2977696357406735","2024-09-22T02:43:00.000Z"
"401628369104908101","Oklahoma","SEC","Tennessee","SEC","Oklahoma","Tennessee","3","22","401628369","40162836928","28","9","4","9","18","3","3","88","12","2","10","false","11","Rush","Michael Hawkins Jr. run for 11 yds to the TENN 1 for a 1ST down","1.889842902656156","2024-09-22T02:43:38.000Z"
"401628369104909901","Oklahoma","SEC","Tennessee","SEC","Oklahoma","Tennessee","3","22","401628369","40162836928","28","10","4","9","0","3","3","99","1","1","1","false","-1","Rush","Michael Hawkins Jr. run for a loss of 1 yard to the TENN 2","-1.129915250201780","2024-09-22T02:30:50.000Z"
"401628369104917401","Oklahoma","SEC","Tennessee","SEC","Oklahoma","Tennessee","9","22","401628369","40162836928","28","11","4","8","25","3","3","98","2","2","2","true","2","Passing Touchdown","Michael Hawkins Jr. pass complete to Jovantae Barnes for 2 yds for a TD (Tyler Keltner PAT MISSED)","2.067936525322223","2024-09-22T02:30:50.000Z"
"401628369104917402","Oklahoma","SEC","Tennessee","SEC","Oklahoma","Tennessee","3","22","401628369","40162836928","28","12","4","8","25","3","3","97","3","2","0","false","-15","Penalty","Oklahoma Penalty, Personal Foul (-15 Yards) to the TENN 18","","2024-09-22T02:30:50.000Z"
"401628369104917404","Oklahoma","SEC","Tennessee","SEC","Oklahoma","Tennessee","9","22","401628369","40162836929","29","1","4","8","25","3","3","35","65","2","26","false","0","Kickoff","Zach Schmit kickoff for 65 yds for a touchback","","2024-09-22T02:30:50.000Z"
"401628369104917801","Tennessee","SEC","Oklahoma","SEC","Oklahoma","Tennessee","22","9","401628369","40162836929","29","2","4","8","21","3","3","75","75","1","10","false","1","Rush","Dylan Sampson run for 1 yd to the TENN 26","-0.58747954310168553","2024-09-22T02:30:50.000Z"
"401628369104925401","Tennessee","SEC","Oklahoma","SEC","Oklahoma","Tennessee","22","9","401628369","40162836929","29","3","4","7","45","3","3","74","74","2","9","false","-7","Penalty","Iamaleava, Nico rush for loss of 7 yards to the TENN19, PENALTY TENN illegal forward pass 0 yards to the TENN19, NO PLAY.","","2024-09-22T02:55:40.000Z"
"401628369104937102","Tennessee","SEC","Oklahoma","SEC","Oklahoma","Tennessee","22","9","401628369","40162836929","29","4","4","6","28","3","3","81","81","3","16","false","10","Rush","Dylan Sampson run for 10 yds to the TENN 29","0.15521010893770804","2024-09-22T03:00:13.000Z"
"401628369104937103","Tennessee","SEC","Oklahoma","SEC","Oklahoma","Tennessee","22","9","401628369","40162836929","29","5","4","6","28","3","3","71","71","4","6","false","3","Punt","Jackson Ross punt for 47 yds , Peyton Bowen returns for 3 yds to the OU 27","","2024-09-22T03:00:13.000Z"
"401628369104937801","Oklahoma","SEC","Tennessee","SEC","Oklahoma","Tennessee","9","22","401628369","40162836930","30","1","4","6","21","3","3","27","73","1","10","false","-7","Sack","Michael Hawkins Jr. sacked by Jaxson Moi for a loss of 7 yards to the OU 20","-1.26294559299793895","2024-09-22T03:00:44.000Z"
"401628369104944201","Oklahoma","SEC","Tennessee","SEC","Oklahoma","Tennessee","9","22","401628369","40162836930","30","2","4","5","57","3","3","20","80","2","17","false","3","Rush","Michael Hawkins Jr. run for 3 yds to the OU 23","-0.05479840291133442","2024-09-22T03:00:53.000Z"
"401628369104947901","Oklahoma","SEC","Tennessee","SEC","Oklahoma","Tennessee","9","22","401628369","40162836930","30","3","4","5","20","3","3","23","77","3","14","false","0","Pass Incompletion","Michael Hawkins Jr. pass incomplete","-0.09011178722793203","2024-09-22T03:01:30.000Z"
"401628369104948401","Oklahoma","SEC","Tennessee","SEC","Oklahoma","Tennessee","9","22","401628369","40162836930","30","4","4","5","15","3","3","23","77","4","14","false","0","Pass Incompletion","Michael Hawkins Jr. pass incomplete","0.340571217359142","2024-09-22T03:01:48.000Z"
"401628369104948501","Tennessee","SEC","Oklahoma","SEC","Oklahoma","Tennessee","22","9","401628369","40162836931","31","1","4","5","14","3","3","23","23","1","10","false","0","Pass Incompletion","Nico Iamaleava pass incomplete","-0.4181180581276075","2024-09-22T03:02:49.000Z"
"401628369104956201","Tennessee","SEC","Oklahoma","SEC","Oklahoma","Tennessee","22","9","401628369","40162836931","31","2","4","4","37","3","3","23","23","2","10","false","5","Rush","Dylan Sampson run for 5 yds to the OU 18","0.0448464899219197","2024-09-22T03:03:37.000Z"
"401628369104958301","Tennessee","SEC","Oklahoma","SEC","Oklahoma","Tennessee","22","9","401628369","40162836931","31","3","4","4","16","3","3","18","18","3","5","false","4","Rush","Nico Iamaleava run for 4 yds to the OU 14","-0.0579731031203037","2024-09-22T03:04:29.000Z"
"401628369104958302","Tennessee","SEC","Oklahoma","SEC","Oklahoma","Tennessee","22","9","401628369","40162836931","31","4","4","4","16","2","3","14","14","4","1","false","0","Timeout","Timeout Tennessee, clock 04:16","","2024-09-22T03:04:29.000Z"
"401628369104966401","Tennessee","SEC","Oklahoma","SEC","Oklahoma","Tennessee","25","9","401628369","40162836931","31","5","4","3","35","2","3","14","14","4","1","true","32","Field Goal Good","Max Gilbert 32 yd FG GOOD","","2024-09-22T03:06:22.000Z"
"401628369104966402","Tennessee","SEC","Oklahoma","SEC","Oklahoma","Tennessee","25","9","401628369","40162836932","32","1","4","3","35","2","3","65","65","4","1","false","0","Kickoff","Josh Turbyville kickoff for 65 yds for a touchback","","2024-09-22T03:07:07.000Z"
"401628369104967401","Oklahoma","SEC","Tennessee","SEC","Oklahoma","Tennessee","9","25","401628369","40162836932","32","2","4","3","25","3","2","25","75","1","10","false","14","Pass Reception","Michael Hawkins Jr. pass complete to Jaquaize Pettaway for 14 yds to the OU 39 for a 1ST down","1.2227390832564555","2024-09-22T03:09:19.000Z"
"401628369104974501","Oklahoma","SEC","Tennessee","SEC","Oklahoma","Tennessee","9","25","401628369","40162836932","32","3","4","2","54","3","2","39","61","1","10","false","46","Pass Reception","Michael Hawkins Jr. pass complete to Jaquaize Pettaway for 46 yds to the TENN 15 for a 1ST down","2.296816946899783","2024-09-22T03:09:37.000Z"
"401628369104977001","Oklahoma","SEC","Tennessee","SEC","Oklahoma","Tennessee","9","25","401628369","40162836932","32","4","4","2","29","3","2","85","15","1","10","false","4","Rush","Michael Hawkins Jr. run for 4 yds to the TENN 11","-0.019365161227934","2024-09-22T02:30:50.000Z"
"401628369104979201","Oklahoma","SEC","Tennessee","SEC","Oklahoma","Tennessee","9","25","401628369","40162836932","32","5","4","2","7","3","2","89","11","2","6","false","0","Pass Incompletion","Michael Hawkins Jr. pass incomplete","-0.3363006671858974","2024-09-22T03:09:56.000Z"
"401628369104984001","Oklahoma","SEC","Tennessee","SEC","Oklahoma","Tennessee","9","25","401628369","40162836932","32","6","4","1","59","3","2","89","11","3","6","false","4","Rush","Michael Hawkins Jr. run for 4 yds to the TENN 7","-0.0389835389218616","2024-09-22T03:12:21.000Z"
"401628369104984401","Oklahoma","SEC","Tennessee","SEC","Oklahoma","Tennessee","9","25","401628369","40162836932","32","7","4","1","55","3","2","93","7","4","2","false","3","Penalty","Tennessee Penalty, Roughing Holder (3 Yards) to the TENN 4 for a 1ST down","","2024-09-22T03:16:58.000Z"
"401628369104986401","Oklahoma","SEC","Tennessee","SEC","Oklahoma","Tennessee","9","25","401628369","40162836932","32","8","4","1","35","3","2","96","4","1","4","false","2","Pass Reception","Michael Hawkins Jr. pass complete to Jake Roberts for 2 yds to the TENN 2","-0.379746006608248","2024-09-22T03:18:13.000Z"
"401628369104987401","Oklahoma","SEC","Tennessee","SEC","Oklahoma","Tennessee","9","25","401628369","40162836932","32","9","4","1","25","3","2","98","2","2","2","false","0","Pass Incompletion","Michael Hawkins Jr. pass incomplete","-0.476893758740638","2024-09-22T03:18:24.000Z"
"401628369104988101","Oklahoma","SEC","Tennessee","SEC","Oklahoma","Tennessee","9","25","401628369","40162836932","32","10","4","1","18","3","2","98","2","3","2","false","1","Rush","Michael Hawkins Jr. run for 1 yd to the TENN 1","-0.240923690793240","2024-09-22T03:21:47.000Z"
"401628369104988102","Oklahoma","SEC","Tennessee","SEC","Oklahoma","Tennessee","9","25","401628369","40162836932","32","11","4","1","18","2","2","99","1","4","0","false","0","Timeout","Timeout Oklahoma, clock 01:18","","2024-09-22T03:21:47.000Z"
"401628369104989001","Oklahoma","SEC","Tennessee","SEC","Oklahoma","Tennessee","15","25","401628369","40162836932","32","12","4","1","1","2","2","99","1","4","1","true","1","Rushing Touchdown","Jovantae Barnes 1 Yd Run (Two-Point Run Conversion Failed)","2.785753974856101","2024-09-22T03:24:09.000Z"
"401628369104989003","Oklahoma","SEC","Tennessee","SEC","Oklahoma","Tennessee","9","25","401628369","40162836933","33","1","4","1","9","2","2","35","65","4","8","false","0","Kickoff","Zach Schmit kickoff for 25 yds","","2024-09-22T03:24:09.000Z"
"401628369104989601","Tennessee","SEC","Oklahoma","SEC","Oklahoma","Tennessee","25","9","401628369","40162836933","33","2","4","1","3","2","2","60","60","1","10","false","7","Rush","Dylan Sampson run for 7 yds to the TENN 47","0.7032387839448688","2024-09-22T03:27:44.000Z"
"401628369104989602","Tennessee","SEC","Oklahoma","SEC","Oklahoma","Tennessee","25","9","401628369","40162836933","33","3","4","1","3","2","1","53","53","2","3","false","0","Timeout","Timeout Oklahoma, clock 01:03","","2024-09-22T03:27:44.000Z"
"401628369104994101","Tennessee","SEC","Oklahoma","SEC","Oklahoma","Tennessee","25","15","401628369","40162836933","33","4","4","0","58","2","1","53","53","2","3","false","2","Rush","Dylan Sampson run for 2 yds to the TENN 49","-0.7604178938581772","2024-09-22T03:28:16.000Z"
"401628369104994103","Tennessee","SEC","Oklahoma","SEC","Oklahoma","Tennessee","25","15","401628369","40162836933","33","5","4","0","58","2","0","51","51","3","1","false","0","Timeout","Timeout Oklahoma, clock 00:58","","2024-09-22T03:28:16.000Z"
"401628369104994901","Tennessee","SEC","Oklahoma","SEC","Oklahoma","Tennessee","25","15","401628369","40162836933","33","6","4","0","50","2","0","51","51","3","1","false","16","Rush","Nico Iamaleava run for 16 yds to the OU 35 for a 1ST down","1.8414909302800278","2024-09-22T03:29:59.000Z"
"401628369104994902","Tennessee","SEC","Oklahoma","SEC","Oklahoma","Tennessee","25","15","401628369","40162836933","33","7","4","0","50","2","-1","35","35","1","10","false","0","Timeout","Timeout Oklahoma, clock 00:50","","2024-09-22T03:29:59.000Z"
"401628369104998501","Tennessee","SEC","Oklahoma","SEC","Oklahoma","Tennessee","25","15","401628369","40162836933","33","8","4","0","14","2","-1","35","35","1","10","false","-5","Rush","TEAM run for a loss of 5 yards to the OU 40","-1.6602080567056474","2024-09-22T03:31:31.000Z"
"401628369104999901","Tennessee","SEC","Oklahoma","SEC","Oklahoma","Tennessee","25","15","401628369","40162836933","33","9","4","0","0","2","-1","40","40","2","15","false","-5","Rush","TEAM run for a loss of 5 yards to the OU 45","-1.8603688969460049","2024-09-22T02:30:50.000Z"
"401628369104999902","Tennessee","SEC","Oklahoma","SEC","Oklahoma","Tennessee","25","15","401628369","40162836933","33","10","4","0","0","2","-1","40","40","0","15","false","-5","End of Game","End of 4th Quarter","","2024-09-22T03:32:16.000Z"
